# Poster coaching advice, display only; generated by tools/tracks/trace_kart_guide.py.
# Registered to gokartcentralen-goteborg.csv; 0.4 m stroke, inset at least 0.3 m from the 6 m corridor.
x_m,y_m,advice
0.7402,-1.0305,accelerate
0.5396,-1.1884,accelerate
0.3368,-1.3437,accelerate
0.1336,-1.4985,accelerate
-0.0693,-1.6540,accelerate
-0.2723,-1.8095,accelerate
-0.4758,-1.9640,accelerate
-0.6802,-2.1169,accelerate
-0.8853,-2.2685,accelerate
-1.0905,-2.4195,accelerate
-1.2952,-2.5708,accelerate
-1.4991,-2.7227,accelerate
-1.7026,-2.8750,accelerate
-1.9061,-3.0274,accelerate
-2.1103,-3.1795,accelerate
-2.3153,-3.3311,accelerate
-2.5211,-3.4819,accelerate
-2.7275,-3.6319,accelerate
-2.9340,-3.7808,accelerate
-3.1409,-3.9286,accelerate
-3.3481,-4.0752,accelerate
-3.5557,-4.2209,accelerate
-3.7641,-4.3659,accelerate
-3.9730,-4.5105,accelerate
-4.1822,-4.6550,accelerate
-4.3912,-4.7996,accelerate
-4.5996,-4.9442,accelerate
-4.8075,-5.0886,accelerate
-5.0153,-5.2319,accelerate
-5.2238,-5.3736,accelerate
-5.4337,-5.5138,accelerate
-5.6444,-5.6532,accelerate
-5.8554,-5.7929,accelerate
-6.0658,-5.9337,accelerate
-6.2753,-6.0748,accelerate
-6.4845,-6.2154,accelerate
-6.6937,-6.3551,accelerate
-6.9026,-6.4948,accelerate
-7.1110,-6.6355,accelerate
-7.3198,-6.7756,accelerate
-7.5313,-6.9111,accelerate
-7.7470,-7.0389,accelerate
-7.9655,-7.1614,brake
-8.1827,-7.2859,brake
-8.3947,-7.4192,brake
-8.6007,-7.5625,brake
-8.8035,-7.7110,brake
-9.0065,-7.8585,brake
-9.2118,-8.0015,brake
-9.4196,-8.1397,brake
-9.6292,-8.2748,brake
-9.8398,-8.4082,brake
-10.0508,-8.5408,brake
-10.2622,-8.6726,brake
-10.4734,-8.8037,brake
-10.6844,-8.9345,brake
-10.8951,-9.0651,brake
-11.1056,-9.1955,brake
-11.3162,-9.3258,brake
-11.5270,-9.4557,brake
-11.7379,-9.5853,brake
-11.9493,-9.7140,brake
-12.1614,-9.8416,brake
-12.3742,-9.9682,brake
-12.5874,-10.0942,brake
-12.8016,-10.2205,brake
-13.0173,-10.3476,brake
-13.2350,-10.4749,brake
-13.4547,-10.6023,brake
-13.6763,-10.7293,brake
-13.8993,-10.8561,brake
-14.1236,-10.9827,brake
-14.3491,-11.1090,brake
-14.5760,-11.2345,brake
-14.8048,-11.3585,brake
-15.0360,-11.4800,brake
-15.2703,-11.5975,brake
-15.5093,-11.7094,brake
-15.7541,-11.8137,brake
-16.0054,-11.9091,brake
-16.2633,-11.9943,brake
-16.5276,-12.0680,brake
-16.7981,-12.1286,brake
-17.0746,-12.1751,brake
-17.3563,-12.2078,brake
-17.6425,-12.2274,coast
-17.9323,-12.2350,coast
-18.2248,-12.2307,coast
-18.5196,-12.2140,coast
-18.8158,-12.1844,coast
-19.1127,-12.1417,coast
-19.4094,-12.0863,coast
-19.7047,-12.0187,coast
-19.9977,-11.9393,coast
-20.2876,-11.8483,coast
-20.5736,-11.7461,coast
-20.8545,-11.6338,coast
-21.1295,-11.5126,coast
-21.3978,-11.3839,coast
-21.6588,-11.2486,coast
-21.9120,-11.1082,coast
-22.1566,-10.9645,coast
-22.3916,-10.8189,coast
-22.6165,-10.6719,coast
-22.8309,-10.5238,coast
-23.0342,-10.3756,coast
-23.2261,-10.2290,coast
-23.4066,-10.0855,coast
-23.5759,-9.9464,coast
-23.7341,-9.8121,coast
-23.8808,-9.6833,coast
-24.0163,-9.5602,coast
-24.1407,-9.4432,coast
-24.2581,-9.3369,coast
-24.3905,-9.2911,coast
-24.5193,-9.2400,coast
-24.6441,-9.1838,accelerate
-24.7676,-9.1214,accelerate
-24.8926,-9.0512,accelerate
-25.0187,-8.9734,accelerate
-25.1452,-8.8881,accelerate
-25.2710,-8.7962,accelerate
-25.3950,-8.6983,accelerate
-25.5169,-8.5946,accelerate
-25.6366,-8.4852,accelerate
-25.7539,-8.3703,accelerate
-25.8682,-8.2504,accelerate
-25.9793,-8.1257,accelerate
-26.0869,-7.9967,accelerate
-26.1905,-7.8639,accelerate
-26.2899,-7.7275,accelerate
-26.3851,-7.5876,accelerate
-26.4761,-7.4442,accelerate
-26.5626,-7.2979,accelerate
-26.6438,-7.1497,accelerate
-26.7196,-7.0000,accelerate
-26.7896,-6.8493,accelerate
-26.8538,-6.6981,accelerate
-26.9119,-6.5468,accelerate
-26.9639,-6.3955,accelerate
-27.0097,-6.2446,accelerate
-27.0491,-6.0948,accelerate
-27.0818,-5.9472,accelerate
-27.1080,-5.8021,accelerate
-27.1275,-5.6599,accelerate
-27.1409,-5.5175,accelerate
-27.1483,-5.3721,accelerate
-27.1498,-5.2243,accelerate
-27.1452,-5.0746,accelerate
-27.1345,-4.9227,accelerate
-27.1176,-4.7678,accelerate
-27.0944,-4.6101,accelerate
-27.0651,-4.4500,accelerate
-27.0295,-4.2872,accelerate
-26.9875,-4.1214,accelerate
-26.9393,-3.9528,accelerate
-26.8850,-3.7816,accelerate
-26.8248,-3.6087,accelerate
-26.7975,-3.4193,accelerate
-26.8038,-3.2100,accelerate
-26.8095,-2.9932,accelerate
-26.8140,-2.7686,accelerate
-26.8167,-2.5361,accelerate
-26.8174,-2.2964,accelerate
-26.8163,-2.0498,accelerate
-26.8136,-1.7972,accelerate
-26.8093,-1.5393,accelerate
-26.8030,-1.2766,accelerate
-26.7947,-1.0091,accelerate
-26.7851,-0.7370,accelerate
-26.7747,-0.4600,accelerate
-26.7640,-0.1786,accelerate
-26.7531,0.1068,accelerate
-26.7419,0.3953,accelerate
-26.7303,0.6862,accelerate
-26.7182,0.9788,accelerate
-26.7050,1.2724,accelerate
-26.6905,1.5660,accelerate
-26.6747,1.8593,accelerate
-26.6581,2.1522,accelerate
-26.6414,2.4446,accelerate
-26.6248,2.7360,accelerate
-26.6086,3.0261,accelerate
-26.5926,3.3141,accelerate
-26.5766,3.5992,accelerate
-26.5603,3.8811,accelerate
-26.5440,4.1595,accelerate
-26.5283,4.4345,accelerate
-26.5133,4.7058,accelerate
-26.4993,4.9724,accelerate
-26.4859,5.2329,accelerate
-26.4732,5.4866,accelerate
-26.4618,5.7336,accelerate
-26.4523,5.9743,accelerate
-26.4447,6.2085,accelerate
-26.4381,6.4355,accelerate
-26.4315,6.6549,accelerate
-26.3648,6.8388,accelerate
-26.2897,7.0131,accelerate
-26.2209,7.1844,accelerate
-26.1586,7.3526,accelerate
-26.1028,7.5180,accelerate
-26.0535,7.6803,accelerate
-26.0110,7.8394,accelerate
-25.9752,7.9951,accelerate
-25.9455,8.1496,accelerate
-25.9217,8.3049,accelerate
-25.9038,8.4605,accelerate
-25.8918,8.6157,accelerate
-25.8855,8.7728,accelerate
-25.8850,8.9343,accelerate
-25.8902,9.1001,accelerate
-25.9010,9.2697,accelerate
-25.9176,9.4428,accelerate
-25.9397,9.6186,accelerate
-25.9672,9.7970,accelerate
-26.0002,9.9777,accelerate
-26.0385,10.1603,accelerate
-26.0819,10.3446,accelerate
-26.1304,10.5305,accelerate
-26.1838,10.7180,accelerate
-26.2419,10.9066,accelerate
-26.3046,11.0960,accelerate
-26.3717,11.2861,accelerate
-26.4431,11.4770,accelerate
-26.5188,11.6685,accelerate
-26.5986,11.8606,accelerate
-26.6823,12.0531,accelerate
-26.7698,12.2460,accelerate
-26.8609,12.4390,accelerate
-26.9555,12.6324,accelerate
-27.0433,12.8314,accelerate
-27.1063,13.0461,accelerate
-27.1686,13.2636,accelerate
-27.2303,13.4830,accelerate
-27.2920,13.7040,accelerate
-27.3541,13.9264,accelerate
-27.4167,14.1511,accelerate
-27.4799,14.3788,accelerate
-27.5434,14.6097,accelerate
-27.6070,14.8439,accelerate
-27.6704,15.0810,accelerate
-27.7343,15.3202,accelerate
-27.7988,15.5612,accelerate
-27.8637,15.8041,accelerate
-27.9294,16.0498,accelerate
-27.9959,16.2989,accelerate
-28.0629,16.5514,accelerate
-28.1301,16.8071,accelerate
-28.1972,17.0653,accelerate
-28.2640,17.3255,accelerate
-28.3308,17.5871,accelerate
-28.3976,17.8495,accelerate
-28.4648,18.1125,accelerate
-28.5323,18.3758,accelerate
-28.5998,18.6393,accelerate
-28.6666,18.9028,accelerate
-28.7325,19.1658,accelerate
-28.7976,19.4279,accelerate
-28.8622,19.6883,accelerate
-28.9265,19.9466,accelerate
-28.9901,20.2025,accelerate
-29.0527,20.4562,accelerate
-29.1137,20.7078,accelerate
-29.1730,20.9573,accelerate
-29.2305,21.2046,accelerate
-29.2860,21.4497,accelerate
-29.3393,21.6924,accelerate
-29.3908,21.9325,accelerate
-29.4415,22.1696,accelerate
-29.4926,22.4036,accelerate
-29.5448,22.6345,accelerate
-29.5982,22.8630,accelerate
-29.6522,23.0909,accelerate
-29.7059,23.3199,accelerate
-29.7583,23.5506,accelerate
-29.8095,23.7830,accelerate
-29.8601,24.0166,accelerate
-29.9105,24.2513,accelerate
-29.9604,24.4871,accelerate
-30.0099,24.7242,accelerate
-30.0592,24.9627,accelerate
-30.1086,25.2027,accelerate
-30.1575,25.4441,accelerate
-30.2054,25.6869,accelerate
-30.2525,25.9309,accelerate
-30.2999,26.1758,accelerate
-30.3481,26.4215,accelerate
-30.3971,26.6680,accelerate
-30.4464,26.9153,accelerate
-30.4955,27.1634,accelerate
-30.5443,27.4121,accelerate
-30.5924,27.6611,accelerate
-30.6395,27.9104,accelerate
-30.6847,28.1599,accelerate
-30.7276,28.4095,accelerate
-30.7683,28.6592,accelerate
-30.8075,28.9090,accelerate
-30.8463,29.1589,accelerate
-30.8852,29.4088,accelerate
-30.9239,29.6589,accelerate
-30.9615,29.9090,accelerate
-30.9972,30.1591,accelerate
-31.0307,30.4092,accelerate
-31.0626,30.6593,accelerate
-31.0935,30.9093,accelerate
-31.1232,31.1595,accelerate
-31.1508,31.4098,accelerate
-31.1760,31.6603,accelerate
-31.1995,31.9107,accelerate
-31.2221,32.1611,accelerate
-31.2442,32.4114,accelerate
-31.2659,32.6616,accelerate
-31.2871,32.9117,accelerate
-31.3080,33.1619,accelerate
-31.3287,33.4120,accelerate
-31.3491,33.6621,accelerate
-31.3690,33.9122,accelerate
-31.3882,34.1622,accelerate
-31.4065,34.4121,accelerate
-31.4236,34.6619,accelerate
-31.4390,34.9117,accelerate
-31.4527,35.1615,accelerate
-31.4652,35.4114,accelerate
-31.4768,35.6613,accelerate
-31.4870,35.9112,accelerate
-31.4956,36.1609,accelerate
-31.5022,36.4105,accelerate
-31.5074,36.6598,accelerate
-31.5123,36.9091,accelerate
-31.5174,37.1583,accelerate
-31.5223,37.4076,accelerate
-31.5259,37.6568,accelerate
-31.5271,37.9059,accelerate
-31.5260,38.1550,accelerate
-31.5230,38.4040,accelerate
-31.5189,38.6530,accelerate
-31.5144,38.9020,accelerate
-31.5100,39.1511,accelerate
-31.5054,39.4002,accelerate
-31.5000,39.6492,accelerate
-31.4929,39.8982,accelerate
-31.4838,40.1471,accelerate
-31.4731,40.3960,accelerate
-31.4613,40.6450,accelerate
-31.4485,40.8942,accelerate
-31.4344,41.1434,accelerate
-31.4184,41.3926,accelerate
-31.4000,41.6419,accelerate
-31.3796,41.8913,accelerate
-31.3582,42.1409,accelerate
-31.3364,42.3905,accelerate
-31.3143,42.6403,accelerate
-31.2918,42.8903,accelerate
-31.2682,43.1406,accelerate
-31.2431,43.3911,accelerate
-31.2159,43.6420,accelerate
-31.1862,43.8931,accelerate
-31.1542,44.1444,accelerate
-31.1200,44.3959,accelerate
-31.0842,44.6476,accelerate
-31.0475,44.8995,accelerate
-31.0100,45.1515,accelerate
-30.9708,45.4035,accelerate
-30.9291,45.6553,accelerate
-30.8844,45.9069,accelerate
-30.8372,46.1582,accelerate
-30.7887,46.4092,accelerate
-30.7396,46.6600,accelerate
-30.6902,46.9104,accelerate
-30.6401,47.1604,accelerate
-30.5887,47.4100,accelerate
-30.5349,47.6589,accelerate
-30.4779,47.9071,accelerate
-30.4180,48.1545,accelerate
-30.3558,48.4013,accelerate
-30.2919,48.6472,accelerate
-30.2257,48.8922,accelerate
-30.1567,49.1360,accelerate
-30.0849,49.3784,accelerate
-30.0113,49.6192,accelerate
-29.9369,49.8587,accelerate
-29.8622,50.0969,accelerate
-29.7869,50.3338,accelerate
-29.7098,50.5694,accelerate
-29.6298,50.8032,accelerate
-29.5468,51.0346,accelerate
-29.4617,51.2636,accelerate
-29.3755,51.4903,accelerate
-29.2882,51.7150,accelerate
-29.1989,51.9379,accelerate
-29.1066,52.1586,accelerate
-29.0113,52.3769,accelerate
-28.9137,52.5924,accelerate
-28.8149,52.8049,accelerate
-28.7156,53.0145,accelerate
-28.6159,53.2213,accelerate
-28.5156,53.4256,accelerate
-28.4140,53.6273,accelerate
-28.3109,53.8263,accelerate
-28.2067,54.0226,accelerate
-28.1022,54.2163,accelerate
-27.9973,54.4073,accelerate
-27.8912,54.5952,accelerate
-27.7832,54.7796,accelerate
-27.6738,54.9607,accelerate
-27.5639,55.1389,accelerate
-27.4540,55.3146,accelerate
-27.3435,55.4876,accelerate
-27.2309,55.6578,accelerate
-27.1156,55.8252,accelerate
-26.9978,55.9898,accelerate
-26.8780,56.1517,accelerate
-26.7568,56.3114,accelerate
-26.6426,56.4744,accelerate
-26.5367,56.6420,accelerate
-26.4275,56.8074,accelerate
-26.3147,56.9707,accelerate
-26.1981,57.1323,accelerate
-26.0778,57.2921,accelerate
-25.9539,57.4501,accelerate
-25.8271,57.6055,accelerate
-25.6980,57.7573,accelerate
-25.5667,57.9053,accelerate
-25.4334,58.0494,accelerate
-25.2973,58.1903,accelerate
-25.1579,58.3285,accelerate
-25.0150,58.4642,accelerate
-24.8689,58.5973,accelerate
-24.7206,58.7268,accelerate
-24.5709,58.8520,accelerate
-24.4200,58.9725,accelerate
-24.2678,59.0884,accelerate
-24.1134,59.2003,accelerate
-23.9560,59.3089,accelerate
-23.7957,59.4139,accelerate
-23.6328,59.5153,accelerate
-23.4684,59.6124,accelerate
-23.3036,59.7044,accelerate
-23.1386,59.7912,accelerate
-22.9734,59.8727,accelerate
-22.8166,59.9698,accelerate
-22.6591,60.0678,accelerate
-22.5009,60.1666,accelerate
-22.3417,60.2669,accelerate
-22.1799,60.3686,accelerate
-22.0141,60.4716,accelerate
-21.8443,60.5762,accelerate
-21.6705,60.6831,accelerate
-21.4914,60.7931,accelerate
-21.3055,60.9063,accelerate
-21.1128,61.0218,accelerate
-20.9133,61.1391,accelerate
-20.7083,61.2578,accelerate
-20.4988,61.3778,accelerate
-20.2848,61.4991,accelerate
-20.0666,61.6213,accelerate
-19.8436,61.7438,accelerate
-19.6157,61.8664,accelerate
-19.3835,61.9900,accelerate
-19.1473,62.1155,accelerate
-18.9083,62.2424,accelerate
-18.6671,62.3696,accelerate
-18.4241,62.4954,accelerate
-18.1794,62.6187,accelerate
-17.9335,62.7392,accelerate
-17.6865,62.8571,accelerate
-17.4388,62.9728,accelerate
-17.1908,63.0868,accelerate
-16.9428,63.1992,accelerate
-16.6948,63.3102,accelerate
-16.4467,63.4199,accelerate
-16.1985,63.5275,accelerate
-15.9500,63.6319,accelerate
-15.7015,63.7325,accelerate
-15.4528,63.8299,accelerate
-15.2041,63.9255,accelerate
-14.9552,64.0201,accelerate
-14.7062,64.1129,accelerate
-14.4571,64.2025,accelerate
-14.2080,64.2881,accelerate
-13.9589,64.3698,accelerate
-13.7095,64.4486,accelerate
-13.4600,64.5253,accelerate
-13.2102,64.6006,accelerate
-12.9603,64.6745,accelerate
-12.7102,64.7466,accelerate
-12.4601,64.8159,accelerate
-12.2098,64.8820,accelerate
-11.9595,64.9443,accelerate
-11.7093,65.0025,accelerate
-11.4593,65.0569,accelerate
-11.2095,65.1084,accelerate
-10.9597,65.1582,accelerate
-10.7095,65.2075,accelerate
-10.4591,65.2565,accelerate
-10.2082,65.3041,accelerate
-9.9573,65.3486,accelerate
-9.7064,65.3881,accelerate
-9.4557,65.4220,accelerate
-9.2052,65.4511,accelerate
-8.9549,65.4774,accelerate
-8.7048,65.5026,accelerate
-8.4551,65.5271,accelerate
-8.2056,65.5505,accelerate
-7.9560,65.5713,accelerate
-7.7058,65.5883,accelerate
-7.4550,65.6007,accelerate
-7.2035,65.6086,accelerate
-6.9520,65.6125,accelerate
-6.7007,65.6137,accelerate
-6.4497,65.6132,accelerate
-6.1991,65.6108,accelerate
-5.9488,65.6055,accelerate
-5.6985,65.5966,accelerate
-5.4483,65.5848,accelerate
-5.1983,65.5731,brake
-4.9483,65.5644,brake
-4.6985,65.5602,brake
-4.4486,65.5590,brake
-4.1989,65.5576,brake
-3.9489,65.5532,brake
-3.6987,65.5450,brake
-3.4481,65.5333,brake
-3.1971,65.5187,brake
-2.9463,65.5017,brake
-2.6959,65.4827,brake
-2.4459,65.4622,brake
-2.1964,65.4399,brake
-1.9467,65.4152,brake
-1.6965,65.3878,brake
-1.4456,65.3577,brake
-1.1942,65.3256,brake
-0.9428,65.2919,brake
-0.6918,65.2570,brake
-0.4412,65.2209,brake
-0.1911,65.1837,brake
0.0590,65.1445,brake
0.3094,65.1022,brake
0.5600,65.0565,brake
0.8109,65.0074,brake
1.0618,64.9548,brake
1.3125,64.8987,brake
1.5628,64.8394,brake
1.8130,64.7780,brake
2.0632,64.7157,brake
2.3138,64.6521,brake
2.5646,64.5861,brake
2.8157,64.5157,brake
3.0666,64.4401,brake
3.3168,64.3598,brake
3.5665,64.2754,brake
3.8158,64.1877,brake
4.0650,64.0968,brake
4.3144,64.0034,brake
4.5638,63.9083,brake
4.8132,63.8096,brake
5.0624,63.7005,brake
5.3109,63.5733,brake
5.5587,63.4289,coast
5.8062,63.2796,coast
6.0534,63.1395,coast
6.3003,63.0121,coast
6.5462,62.8892,coast
6.7907,62.7600,coast
7.0324,62.6192,coast
7.2697,62.4679,coast
7.5011,62.3098,coast
7.7253,62.1478,coast
7.9411,61.9837,coast
8.1474,61.8188,coast
8.3433,61.6543,coast
8.5281,61.4918,coast
8.7001,61.3337,coast
8.8572,61.1823,coast
8.9990,61.0391,coast
9.1251,60.9046,coast
9.2395,60.7770,coast
9.3465,60.6540,coast
9.4463,60.5348,coast
9.5390,60.4192,coast
9.6280,60.3050,coast
9.7163,60.1898,coast
9.8038,60.0726,coast
9.8941,59.9578,coast
10.0036,59.8619,coast
10.1120,59.7589,coast
10.2190,59.6488,coast
10.3243,59.5319,coast
10.4274,59.4087,coast
10.5279,59.2798,coast
10.6256,59.1451,coast
10.7205,59.0050,coast
10.8125,58.8593,coast
10.9019,58.7078,coast
10.9884,58.5508,coast
11.0721,58.3887,coast
11.1521,58.2228,coast
11.2281,58.0542,coast
11.3000,57.8831,coast
11.3678,57.7094,coast
11.4317,57.5328,coast
11.4919,57.3527,coast
11.5483,57.1697,coast
11.6009,56.9838,coast
11.6495,56.7959,coast
11.6940,56.6067,coast
11.7343,56.4161,coast
11.7706,56.2241,coast
11.8028,56.0312,accelerate
11.8307,55.8378,accelerate
11.8544,55.6440,accelerate
11.8738,55.4500,accelerate
11.8889,55.2559,accelerate
11.8996,55.0618,accelerate
11.9060,54.8678,accelerate
11.9080,54.6741,accelerate
11.9056,54.4809,accelerate
11.8989,54.2887,accelerate
11.8877,54.0978,accelerate
11.8721,53.9083,accelerate
11.8521,53.7207,accelerate
11.8276,53.5356,accelerate
11.7987,53.3531,accelerate
11.7653,53.1732,accelerate
11.7274,52.9957,accelerate
11.6849,52.8206,accelerate
11.6378,52.6482,accelerate
11.5863,52.4790,accelerate
11.5305,52.3136,accelerate
11.4707,52.1525,accelerate
11.4069,51.9961,accelerate
11.3390,51.8441,accelerate
11.2668,51.6963,accelerate
11.1904,51.5524,accelerate
11.1098,51.4130,accelerate
11.0254,51.2784,accelerate
10.9377,51.1492,accelerate
10.8469,51.0261,accelerate
10.7535,50.9093,accelerate
10.6576,50.7988,accelerate
10.5586,50.6942,accelerate
10.4563,50.5949,accelerate
10.3512,50.5013,accelerate
10.2438,50.4139,accelerate
10.1335,50.3321,accelerate
10.0199,50.2555,accelerate
9.9032,50.1842,accelerate
9.7836,50.1185,accelerate
9.6607,50.0580,accelerate
9.5341,50.0027,accelerate
9.4045,49.9527,accelerate
9.2723,49.9085,accelerate
9.1355,49.8692,accelerate
8.9914,49.8343,accelerate
8.8404,49.8040,accelerate
8.6829,49.7785,accelerate
8.5213,49.7581,accelerate
8.3579,49.7432,accelerate
8.1929,49.7338,accelerate
8.0262,49.7299,accelerate
7.8595,49.7316,accelerate
7.6943,49.7388,accelerate
7.5312,49.7515,accelerate
7.3667,49.7402,accelerate
7.1998,49.7199,accelerate
7.0307,49.7029,accelerate
6.8589,49.6885,accelerate
6.6842,49.6766,accelerate
6.5044,49.6682,accelerate
6.3179,49.6636,accelerate
6.1248,49.6625,accelerate
5.9252,49.6643,accelerate
5.7188,49.6692,accelerate
5.5053,49.6777,accelerate
5.2849,49.6901,accelerate
5.0580,49.7068,accelerate
4.8250,49.7284,accelerate
4.5866,49.7553,accelerate
4.3434,49.7876,accelerate
4.0959,49.8253,accelerate
3.8444,49.8676,accelerate
3.5889,49.9138,accelerate
3.3293,49.9631,accelerate
3.0659,50.0152,accelerate
2.7997,50.0702,accelerate
2.5319,50.1290,accelerate
2.2635,50.1919,accelerate
1.9951,50.2588,accelerate
1.7270,50.3291,accelerate
1.4598,50.4028,accelerate
1.1942,50.4800,accelerate
0.9311,50.5608,accelerate
0.6707,50.6446,accelerate
0.4125,50.7306,accelerate
0.1568,50.8181,accelerate
-0.0958,50.9074,accelerate
-0.3440,50.9993,accelerate
-0.5875,51.0939,accelerate
-0.8264,51.1905,accelerate
-1.0616,51.2879,accelerate
-1.2933,51.3849,accelerate
-1.5215,51.4813,accelerate
-1.7460,51.5773,accelerate
-1.9662,51.6734,accelerate
-2.1817,51.7698,accelerate
-2.3921,51.8665,accelerate
-2.5977,51.9630,accelerate
-2.7989,52.0582,accelerate
-2.9976,52.1511,accelerate
-3.1954,52.2411,accelerate
-3.3928,52.3277,accelerate
-3.5896,52.4111,accelerate
-3.7870,52.4921,accelerate
-3.9860,52.5715,accelerate
-4.1870,52.6485,accelerate
-4.3903,52.7226,accelerate
-4.5959,52.7929,accelerate
-4.8038,52.8594,accelerate
-5.0135,52.9228,accelerate
-5.2244,52.9842,accelerate
-5.4367,53.0445,accelerate
-5.6508,53.1030,accelerate
-5.8671,53.1587,accelerate
-6.0856,53.2107,accelerate
-6.3063,53.2587,accelerate
-6.5291,53.3028,accelerate
-6.7539,53.3437,accelerate
-6.9806,53.3820,accelerate
-7.2089,53.4182,accelerate
-7.4383,53.4519,accelerate
-7.6688,53.4826,accelerate
-7.9002,53.5101,accelerate
-8.1323,53.5341,accelerate
-8.3649,53.5543,accelerate
-8.5980,53.5706,accelerate
-8.8314,53.5835,accelerate
-9.0649,53.5936,accelerate
-9.2979,53.6012,accelerate
-9.5304,53.6057,accelerate
-9.7625,53.6064,accelerate
-9.9940,53.6031,accelerate
-10.2251,53.5963,accelerate
-10.4555,53.5867,accelerate
-10.6854,53.5747,accelerate
-10.9146,53.5605,accelerate
-11.1433,53.5440,accelerate
-11.3714,53.5247,accelerate
-11.5988,53.5019,accelerate
-11.8251,53.4748,accelerate
-12.0503,53.4434,accelerate
-12.2744,53.4083,accelerate
-12.4974,53.3701,accelerate
-12.7196,53.3292,accelerate
-12.9408,53.2855,accelerate
-13.1606,53.2390,accelerate
-13.3790,53.1894,accelerate
-13.5959,53.1365,accelerate
-13.8114,53.0802,accelerate
-14.0256,53.0202,accelerate
-14.2385,52.9563,accelerate
-14.4500,52.8890,accelerate
-14.6598,52.8186,accelerate
-14.8678,52.7455,accelerate
-15.0739,52.6698,accelerate
-15.2783,52.5908,accelerate
-15.4810,52.5078,accelerate
-15.6818,52.4202,accelerate
-15.8807,52.3282,accelerate
-16.0764,52.2328,accelerate
-16.2690,52.1401,accelerate
-16.4666,52.0733,accelerate
-16.6603,52.0042,accelerate
-16.8499,51.9326,accelerate
-17.0350,51.8584,accelerate
-17.2154,51.7818,accelerate
-17.3911,51.7025,accelerate
-17.5607,51.6210,accelerate
-17.7231,51.5378,accelerate
-17.8781,51.4528,accelerate
-18.0259,51.3659,accelerate
-18.1660,51.2772,accelerate
-18.2975,51.1873,accelerate
-18.4199,51.0967,accelerate
-18.5326,51.0059,accelerate
-18.6391,50.9124,accelerate
-18.7425,50.8132,accelerate
-18.8430,50.7085,accelerate
-18.9402,50.5984,accelerate
-19.0344,50.4824,accelerate
-19.1258,50.3603,accelerate
-19.2140,50.2326,accelerate
-19.2985,50.0999,accelerate
-19.3796,49.9614,accelerate
-19.4580,49.8164,accelerate
-19.5335,49.6648,accelerate
-19.6062,49.5067,accelerate
-19.6803,49.3446,accelerate
-19.7929,49.1928,accelerate
-19.9056,49.0346,accelerate
-20.0181,48.8704,accelerate
-20.1300,48.7000,accelerate
-20.2411,48.5232,accelerate
-20.3512,48.3401,accelerate
-20.4610,48.1511,accelerate
-20.5712,47.9571,accelerate
-20.6819,47.7588,accelerate
-20.7924,47.5563,accelerate
-20.9022,47.3496,accelerate
-21.0110,47.1388,accelerate
-21.1190,46.9242,accelerate
-21.2255,46.7059,accelerate
-21.3305,46.4839,accelerate
-21.4340,46.2588,accelerate
-21.5363,46.0308,accelerate
-21.6372,45.8001,accelerate
-21.7368,45.5667,accelerate
-21.8355,45.3311,accelerate
-21.9338,45.0936,accelerate
-22.0323,44.8543,accelerate
-22.1305,44.6135,accelerate
-22.2278,44.3712,accelerate
-22.3230,44.1277,accelerate
-22.4156,43.8829,accelerate
-22.5061,43.6370,accelerate
-22.5954,43.3902,accelerate
-22.6843,43.1427,accelerate
-22.7726,42.8947,accelerate
-22.8597,42.6463,accelerate
-22.9452,42.3977,accelerate
-23.0289,42.1490,accelerate
-23.1113,41.9003,accelerate
-23.1924,41.6515,accelerate
-23.2722,41.4028,accelerate
-23.3506,41.1540,accelerate
-23.4276,40.9051,accelerate
-23.5037,40.6563,accelerate
-23.5793,40.4074,accelerate
-23.6545,40.1586,accelerate
-23.7289,39.9097,accelerate
-23.8021,39.6610,accelerate
-23.8740,39.4121,accelerate
-23.9449,39.1630,accelerate
-24.0151,38.9137,accelerate
-24.0847,38.6641,accelerate
-24.1534,38.4146,accelerate
-24.2205,38.1652,accelerate
-24.2845,37.9160,accelerate
-24.3440,37.6668,accelerate
-24.3986,37.4175,accelerate
-24.4490,37.1678,accelerate
-24.4971,36.9177,accelerate
-24.5451,36.6674,accelerate
-24.5944,36.4170,accelerate
-24.6455,36.1667,brake
-24.6977,35.9166,brake
-24.7498,35.6667,brake
-24.8009,35.4165,brake
-24.8509,35.1659,brake
-24.9003,34.9147,brake
-24.9494,34.6629,brake
-24.9986,34.4110,brake
-25.0473,34.1593,brake
-25.0943,33.9080,brake
-25.1383,33.6570,brake
-25.1789,33.4060,brake
-25.2168,33.1545,brake
-25.2528,32.9024,brake
-25.2874,32.6499,brake
-25.3198,32.3973,brake
-25.3488,32.1452,brake
-25.3730,31.8936,brake
-25.3918,31.6425,brake
-25.4048,31.3912,brake
-25.4127,31.1391,brake
-25.4160,30.8862,brake
-25.4148,30.6325,brake
-25.4082,30.3790,brake
-25.3949,30.1266,brake
-25.3743,29.8753,brake
-25.3470,29.6252,brake
-25.3141,29.3740,coast
-25.2764,29.1196,coast
-25.2333,28.8624,coast
-25.1828,28.6026,coast
-25.1211,28.3399,coast
-25.0423,28.0747,coast
-24.9399,27.8080,coast
-24.8075,27.5415,coast
-24.6407,27.2771,coast
-24.4373,27.0171,coast
-24.1971,26.7647,coast
-23.9210,26.5233,coast
-23.6126,26.2960,coast
-23.2775,26.0861,coast
-22.9242,25.8970,coast
-22.5622,25.7310,coast
-22.2021,25.5893,coast
-21.8546,25.4719,coast
-21.5297,25.3774,coast
-21.2348,25.3029,coast
-20.9726,25.2446,coast
-20.7425,25.1997,accelerate
-20.5418,25.1673,accelerate
-20.3672,25.1475,accelerate
-20.2112,25.1347,accelerate
-20.0651,25.1236,accelerate
-19.9253,25.1151,accelerate
-19.7893,25.1106,accelerate
-19.6573,25.1106,accelerate
-19.5310,25.1127,accelerate
-19.4363,25.0628,accelerate
-19.3375,25.0177,accelerate
-19.2397,24.9796,accelerate
-19.1490,24.9503,accelerate
-19.0667,24.9295,accelerate
-18.9938,24.9162,accelerate
-18.9252,24.9088,accelerate
-18.8559,24.9063,accelerate
-18.7875,24.9089,accelerate
-18.7213,24.9162,accelerate
-18.6531,24.9288,accelerate
-18.5787,24.9482,accelerate
-18.4996,24.9746,accelerate
-18.4175,25.0081,accelerate
-18.3325,25.0493,accelerate
-18.2437,25.0992,accelerate
-18.1517,25.1582,accelerate
-18.0574,25.2261,accelerate
-17.9631,25.3018,accelerate
-17.8707,25.3842,accelerate
-17.7699,25.4625,accelerate
-17.6350,25.5165,accelerate
-17.4949,25.5774,accelerate
-17.3488,25.6456,accelerate
-17.1968,25.7213,accelerate
-17.0397,25.8050,accelerate
-16.8791,25.8967,accelerate
-16.7164,25.9965,accelerate
-16.5526,26.1052,accelerate
-16.3885,26.2237,accelerate
-16.2246,26.3522,accelerate
-16.0617,26.4907,accelerate
-15.9002,26.6396,accelerate
-15.7409,26.7994,accelerate
-15.5846,26.9741,accelerate
-15.4328,27.1666,accelerate
-15.2881,27.3748,accelerate
-15.1535,27.5965,accelerate
-15.0320,27.8291,accelerate
-14.9259,28.0701,accelerate
-14.8372,28.3170,accelerate
-14.7673,28.5675,accelerate
-14.7175,28.8194,accelerate
-14.6882,29.0711,accelerate
-14.6791,29.3220,accelerate
-14.6890,29.5717,accelerate
-14.7168,29.8201,accelerate
-14.7616,30.0668,accelerate
-14.8221,30.3120,accelerate
-14.8961,30.5555,accelerate
-14.9799,30.7978,accelerate
-15.0695,31.0394,accelerate
-15.1611,31.2807,accelerate
-15.2526,31.5221,accelerate
-15.3425,31.7637,accelerate
-15.4303,32.0056,accelerate
-15.5158,32.2477,accelerate
-15.5992,32.4901,accelerate
-15.6804,32.7327,accelerate
-15.7588,32.9756,accelerate
-15.8340,33.2191,accelerate
-15.9054,33.4633,accelerate
-15.9724,33.7083,accelerate
-16.0349,33.9541,accelerate
-16.0934,34.2006,accelerate
-16.1486,34.4476,accelerate
-16.2007,34.6953,accelerate
-16.2489,34.9440,accelerate
-16.2927,35.1936,accelerate
-16.3316,35.4445,accelerate
-16.3651,35.6962,accelerate
-16.3930,35.9486,accelerate
-16.4152,36.2014,accelerate
-16.4325,36.4546,brake
-16.4459,36.7081,brake
-16.4558,36.9622,brake
-16.4625,37.2168,brake
-16.4666,37.4719,brake
-16.4689,37.7273,brake
-16.4702,37.9826,brake
-16.4708,38.2380,brake
-16.4703,38.4935,brake
-16.4685,38.7492,brake
-16.4649,39.0051,brake
-16.4595,39.2611,brake
-16.4520,39.5172,brake
-16.4420,39.7739,brake
-16.4272,40.0313,brake
-16.4047,40.2895,brake
-16.3715,40.5482,brake
-16.3258,40.8075,brake
-16.2662,41.0673,brake
-16.1920,41.3269,brake
-16.1019,41.5854,brake
-15.9948,41.8414,brake
-15.8698,42.0936,brake
-15.7272,42.3403,brake
-15.5670,42.5797,brake
-15.3887,42.8097,brake
-15.1921,43.0281,coast
-14.9786,43.2321,coast
-14.7512,43.4198,coast
-14.5137,43.5896,coast
-14.2705,43.7404,coast
-14.0257,43.8711,coast
-13.7834,43.9815,coast
-13.5467,44.0738,coast
-13.3174,44.1515,coast
-13.0969,44.2161,coast
-12.8861,44.2691,coast
-12.6852,44.3128,coast
-12.4938,44.3493,coast
-12.3114,44.3797,coast
-12.1370,44.4045,coast
-11.9696,44.4235,coast
-11.8094,44.4370,coast
-11.6571,44.4465,coast
-11.5135,44.4538,coast
-11.3784,44.4612,coast
-11.2625,44.4972,coast
-11.1518,44.5406,coast
-11.0403,44.5777,coast
-10.9250,44.6093,coast
-10.8033,44.6362,coast
-10.6756,44.6578,coast
-10.5428,44.6739,coast
-10.4046,44.6842,coast
-10.2604,44.6887,coast
-10.1106,44.6873,coast
-9.9556,44.6797,coast
-9.7978,44.6661,accelerate
-9.6390,44.6466,accelerate
-9.4795,44.6212,accelerate
-9.3195,44.5900,accelerate
-9.1600,44.5531,accelerate
-9.0023,44.5108,accelerate
-8.8469,44.4632,accelerate
-8.6943,44.4106,accelerate
-8.5464,44.3536,accelerate
-8.4053,44.2930,accelerate
-8.2713,44.2290,accelerate
-8.1445,44.1619,accelerate
-8.0232,44.0909,accelerate
-7.9062,44.0152,accelerate
-7.7940,43.9354,accelerate
-7.6871,43.8517,accelerate
-7.5806,43.7681,accelerate
-7.4527,43.7042,accelerate
-7.3245,43.6348,accelerate
-7.1956,43.5602,accelerate
-7.0632,43.4801,accelerate
-6.9243,43.3935,accelerate
-6.7790,43.3002,accelerate
-6.6291,43.1989,accelerate
-6.4770,43.0885,accelerate
-6.3241,42.9685,accelerate
-6.1710,42.8391,accelerate
-6.0175,42.7007,accelerate
-5.8632,42.5530,accelerate
-5.7087,42.3954,accelerate
-5.5546,42.2284,accelerate
-5.4019,42.0523,accelerate
-5.2517,41.8683,accelerate
-5.1053,41.6772,accelerate
-4.9634,41.4794,accelerate
-4.8269,41.2749,accelerate
-4.6965,41.0639,accelerate
-4.5726,40.8465,accelerate
-4.4557,40.6234,accelerate
-4.3459,40.3954,accelerate
-4.2434,40.1632,accelerate
-4.1482,39.9278,accelerate
-4.0600,39.6893,accelerate
-3.9789,39.4482,accelerate
-3.9056,39.2046,accelerate
-3.8406,38.9588,accelerate
-3.7832,38.7112,accelerate
-3.7320,38.4623,accelerate
-3.6863,38.2125,accelerate
-3.6460,37.9618,accelerate
-3.6111,37.7104,accelerate
-3.5808,37.4582,accelerate
-3.5542,37.2054,accelerate
-3.5301,36.9520,accelerate
-3.5083,36.6982,accelerate
-3.4889,36.4443,accelerate
-3.4717,36.1903,accelerate
-3.4565,35.9361,accelerate
-3.4432,35.6816,accelerate
-3.4319,35.4268,accelerate
-3.4226,35.1719,accelerate
-3.4153,34.9169,accelerate
-3.4101,34.6620,accelerate
-3.4069,34.4074,accelerate
-3.4054,34.1529,accelerate
-3.4052,33.8985,accelerate
-3.4059,33.6443,accelerate
-3.4077,33.3903,accelerate
-3.4114,33.1367,accelerate
-3.4176,32.8836,accelerate
-3.4265,32.6311,accelerate
-3.4381,32.3791,accelerate
-3.4521,32.1277,accelerate
-3.4687,31.8770,accelerate
-3.4883,31.6274,accelerate
-3.5112,31.3788,accelerate
-3.5375,31.1312,accelerate
-3.5668,30.8844,accelerate
-3.5985,30.6382,accelerate
-3.6319,30.3923,accelerate
-3.6669,30.1471,accelerate
-3.7039,29.9028,accelerate
-3.7432,29.6594,accelerate
-3.7854,29.4170,accelerate
-3.8301,29.1752,accelerate
-3.8773,28.9338,accelerate
-3.9266,28.6924,accelerate
-3.9781,28.4510,accelerate
-4.0324,28.2098,accelerate
-4.0904,27.9687,accelerate
-4.1532,27.7279,accelerate
-4.2209,27.4871,accelerate
-4.2927,27.2462,accelerate
-4.3678,27.0049,accelerate
-4.4463,26.7631,accelerate
-4.5285,26.5206,accelerate
-4.6150,26.2771,accelerate
-4.7058,26.0323,accelerate
-4.8005,25.7864,accelerate
-4.8991,25.5395,accelerate
-5.0017,25.2919,accelerate
-5.1093,25.0442,accelerate
-5.2224,24.7971,accelerate
-5.3411,24.5514,accelerate
-5.4648,24.3080,accelerate
-5.5926,24.0676,accelerate
-5.7231,23.8312,accelerate
-5.8543,23.5993,accelerate
-5.9845,23.3727,accelerate
-6.1124,23.1523,accelerate
-6.2367,22.9383,accelerate
-6.3570,22.7312,accelerate
-6.4746,22.5327,accelerate
-6.5935,22.3461,accelerate
-6.7179,22.1738,accelerate
-6.8478,22.0176,brake
-6.9789,21.8745,brake
-7.1052,21.7397,brake
-7.2229,21.6109,brake
-7.3329,21.4872,brake
-7.4402,21.3659,brake
-7.5497,21.2444,brake
-7.6630,21.1236,brake
-7.7804,21.0038,brake
-7.9025,20.8845,brake
-8.0301,20.7647,brake
-8.1627,20.6439,brake
-8.3001,20.5213,brake
-8.4417,20.3968,brake
-8.5877,20.2705,brake
-8.7383,20.1427,brake
-8.8938,20.0134,brake
-9.0538,19.8829,brake
-9.2183,19.7514,brake
-9.3871,19.6186,brake
-9.5602,19.4845,brake
-9.7373,19.3493,brake
-9.9184,19.2132,brake
-10.1030,19.0754,brake
-10.2901,18.9346,brake
-10.4783,18.7894,brake
-10.6662,18.6390,brake
-10.8538,18.4831,brake
-11.0414,18.3226,brake
-11.2296,18.1577,brake
-11.4186,17.9879,brake
-11.6074,17.8123,brake
-11.7954,17.6298,brake
-11.9815,17.4406,brake
-12.1654,17.2453,brake
-12.3470,17.0446,brake
-12.5261,16.8386,brake
-12.7027,16.6275,brake
-12.8764,16.4107,brake
-13.0462,16.1879,brake
-13.2103,15.9578,brake
-13.3675,15.7193,brake
-13.5162,15.4722,brake
-13.6556,15.2183,brake
-13.7852,14.9602,brake
-13.9047,14.7002,brake
-14.0129,14.4398,coast
-14.1089,14.1804,coast
-14.1923,13.9239,coast
-14.2639,13.6731,coast
-14.3248,13.4309,coast
-14.3759,13.1990,coast
-14.4172,12.9782,coast
-14.4500,12.7660,coast
-14.4757,12.5595,coast
-14.4943,12.3580,coast
-14.5059,12.1615,coast
-14.5115,11.9680,coast
-14.5120,11.7745,coast
-14.5065,11.5799,coast
-14.4946,11.3838,coast
-14.4759,11.1874,coast
-14.4505,10.9917,coast
-14.4188,10.7967,coast
-14.3807,10.6025,coast
-14.3361,10.4098,coast
-14.2848,10.2194,coast
-14.2264,10.0318,coast
-14.1611,9.8474,coast
-14.0890,9.6665,coast
-14.0101,9.4893,coast
-13.9252,9.3157,coast
-13.8348,9.1456,coast
-13.7401,8.9802,coast
-13.6418,8.8209,coast
-13.5402,8.6681,coast
-13.4357,8.5221,coast
-13.3292,8.3833,coast
-13.2215,8.2515,coast
-13.1136,8.1263,coast
-13.0059,8.0074,coast
-12.8994,7.8951,coast
-12.7950,7.7904,coast
-12.6931,7.6936,coast
-12.5942,7.6047,coast
-12.4962,7.5211,coast
-12.3962,7.4401,accelerate
-12.2943,7.3617,accelerate
-12.1906,7.2858,accelerate
-12.0845,7.2111,accelerate
-11.9752,7.1368,accelerate
-11.8630,7.0629,accelerate
-11.7477,6.9897,accelerate
-11.6299,6.9173,accelerate
-11.5097,6.8460,accelerate
-11.3869,6.7758,accelerate
-11.2611,6.7067,accelerate
-11.1312,6.6389,accelerate
-10.9960,6.5728,accelerate
-10.8555,6.5090,accelerate
-10.7099,6.4480,accelerate
-10.5572,6.3905,accelerate
-10.3952,6.3371,accelerate
-10.2245,6.2887,accelerate
-10.0457,6.2452,accelerate
-9.8596,6.2058,accelerate
-9.6667,6.1690,accelerate
-9.4667,6.1342,accelerate
-9.2597,6.1017,accelerate
-9.0458,6.0719,accelerate
-8.8254,6.0449,accelerate
-8.5986,6.0205,accelerate
-8.3658,5.9984,accelerate
-8.1275,5.9792,accelerate
-7.8845,5.9637,accelerate
-7.6375,5.9533,accelerate
-7.3876,5.9494,accelerate
-7.1358,5.9523,accelerate
-6.8826,5.9619,accelerate
-6.6282,5.9775,accelerate
-6.3729,5.9984,accelerate
-6.1167,6.0240,accelerate
-5.8602,6.0545,accelerate
-5.6043,6.0910,accelerate
-5.3499,6.1346,accelerate
-5.0978,6.1861,accelerate
-4.8481,6.2449,accelerate
-4.6006,6.3104,accelerate
-4.3559,6.3827,accelerate
-4.1144,6.4623,accelerate
-3.8764,6.5494,accelerate
-3.6423,6.6438,accelerate
-3.4118,6.7451,accelerate
-3.1849,6.8531,accelerate
-2.9614,6.9676,accelerate
-2.7413,7.0883,accelerate
-2.5248,7.2156,accelerate
-2.3124,7.3501,accelerate
-2.1045,7.4920,accelerate
-1.9012,7.6405,accelerate
-1.7021,7.7947,accelerate
-1.5069,7.9538,accelerate
-1.3165,8.1183,accelerate
-1.1316,8.2890,accelerate
-0.9533,8.4664,accelerate
-0.7818,8.6501,accelerate
-0.6173,8.8394,accelerate
-0.4592,9.0330,accelerate
-0.3072,9.2300,accelerate
-0.1609,9.4298,accelerate
-0.0199,9.6324,accelerate
0.1155,9.8377,accelerate
0.2450,10.0460,accelerate
0.3687,10.2570,accelerate
0.4872,10.4700,accelerate
0.6016,10.6847,accelerate
0.7118,10.9010,accelerate
0.8168,11.1196,accelerate
0.9154,11.3410,accelerate
1.0078,11.5651,accelerate
1.0945,11.7912,accelerate
1.1767,12.0189,accelerate
1.2549,12.2482,accelerate
1.3294,12.4787,accelerate
1.4001,12.7106,accelerate
1.4671,12.9436,accelerate
1.5300,13.1777,accelerate
1.5887,13.4129,accelerate
1.6433,13.6490,accelerate
1.6946,13.8861,accelerate
1.7430,14.1240,accelerate
1.7885,14.3628,accelerate
1.8307,14.6024,accelerate
1.8692,14.8430,accelerate
1.9039,15.0844,accelerate
1.9351,15.3266,accelerate
1.9636,15.5694,accelerate
1.9902,15.8127,accelerate
2.0155,16.0562,accelerate
2.0396,16.2999,accelerate
2.0621,16.5439,accelerate
2.0824,16.7882,accelerate
2.1001,17.0331,accelerate
2.1153,17.2784,accelerate
2.1286,17.5242,accelerate
2.1405,17.7702,accelerate
2.1513,18.0163,accelerate
2.1612,18.2626,accelerate
2.1706,18.5090,accelerate
2.1795,18.7557,accelerate
2.1876,19.0029,accelerate
2.1948,19.2505,accelerate
2.2009,19.4985,accelerate
2.2059,19.7467,accelerate
2.2099,19.9949,accelerate
2.2127,20.2433,accelerate
2.2143,20.4916,accelerate
2.2147,20.7401,accelerate
2.2141,20.9889,accelerate
2.2125,21.2380,accelerate
2.2103,21.4874,accelerate
2.2075,21.7371,accelerate
2.2044,21.9869,accelerate
2.2008,22.2368,accelerate
2.1970,22.4868,brake
2.1928,22.7367,brake
2.1880,22.9867,brake
2.1824,23.2369,brake
2.1761,23.4874,brake
2.1697,23.7382,brake
2.1641,23.9893,brake
2.1601,24.2406,brake
2.1584,24.4919,brake
2.1591,24.7431,brake
2.1628,24.9943,brake
2.1695,25.2457,brake
2.1788,25.4970,brake
2.1899,25.7485,brake
2.2022,25.9999,brake
2.2158,26.2512,brake
2.2314,26.5023,brake
2.2499,26.7532,brake
2.2723,27.0037,brake
2.2992,27.2539,brake
2.3310,27.5036,brake
2.3682,27.7526,brake
2.4110,28.0007,brake
2.4598,28.2477,brake
2.5151,28.4931,brake
2.5775,28.7368,brake
2.6476,28.9783,brake
2.7263,29.2173,brake
2.8149,29.4530,brake
2.9154,29.6848,brake
3.0296,29.9118,coast
3.1592,30.1328,coast
3.3054,30.3470,coast
3.4692,30.5527,coast
3.6512,30.7479,coast
3.8510,30.9308,coast
4.0663,31.1002,coast
4.2933,31.2552,coast
4.5269,31.3954,coast
4.7623,31.5210,coast
4.9952,31.6328,coast
5.2216,31.7312,coast
5.4378,31.8163,coast
5.6409,31.8890,coast
5.8293,31.9501,coast
6.0021,32.0002,coast
6.1592,32.0395,coast
6.3004,32.0678,coast
6.3961,32.1175,coast
6.4721,32.1834,coast
6.5565,32.2483,coast
6.6490,32.3116,coast
6.7489,32.3721,coast
6.8557,32.4295,coast
6.9692,32.4833,coast
7.0892,32.5331,coast
7.2150,32.5784,coast
7.3462,32.6191,coast
7.4825,32.6548,coast
7.6236,32.6854,coast
7.7692,32.7106,coast
7.9176,32.7302,coast
8.0668,32.7439,coast
8.2163,32.7515,coast
8.3656,32.7531,coast
8.5142,32.7487,coast
8.6624,32.7383,coast
8.8100,32.7219,coast
8.9568,32.6996,coast
9.1013,32.6715,coast
9.2415,32.6382,coast
9.3766,32.5998,coast
9.5062,32.5567,coast
9.6310,32.5087,coast
9.7518,32.4555,coast
9.8681,32.3976,coast
9.9795,32.3353,accelerate
10.0884,32.2671,accelerate
10.1970,32.1916,accelerate
10.3048,32.1090,accelerate
10.4113,32.0196,accelerate
10.5158,31.9236,accelerate
10.6182,31.8213,accelerate
10.7181,31.7128,accelerate
10.8152,31.5984,accelerate
10.9088,31.4789,accelerate
10.9982,31.3550,accelerate
11.0833,31.2269,accelerate
11.1640,31.0949,accelerate
11.3012,30.9915,accelerate
11.4624,30.8923,accelerate
11.6274,30.7855,accelerate
11.7947,30.6704,accelerate
11.9646,30.5461,accelerate
12.1378,30.4116,accelerate
12.3139,30.2667,accelerate
12.4922,30.1113,accelerate
12.6718,29.9449,accelerate
12.8514,29.7674,accelerate
13.0296,29.5792,accelerate
13.2045,29.3811,accelerate
13.3748,29.1738,accelerate
13.5393,28.9581,accelerate
13.6971,28.7346,accelerate
13.8471,28.5043,accelerate
13.9885,28.2680,accelerate
14.1208,28.0266,accelerate
14.2440,27.7810,accelerate
14.3583,27.5320,accelerate
14.4638,27.2806,accelerate
14.5604,27.0274,accelerate
14.6481,26.7729,accelerate
14.7269,26.5176,accelerate
14.7971,26.2622,accelerate
14.8591,26.0070,accelerate
14.9131,25.7524,accelerate
14.9596,25.4987,accelerate
14.9992,25.2457,accelerate
15.0327,24.9934,accelerate
15.0611,24.7420,accelerate
15.0855,24.4915,accelerate
15.1064,24.2424,accelerate
15.1235,23.9951,accelerate
15.1360,23.7497,accelerate
15.1426,23.5062,accelerate
15.1425,23.2636,accelerate
15.1354,23.0211,accelerate
15.1225,22.7785,accelerate
15.1061,22.5355,accelerate
15.0891,22.2915,accelerate
15.0728,22.0458,accelerate
15.0558,21.7983,accelerate
15.0347,21.5493,accelerate
15.0063,21.2988,accelerate
14.9707,21.0473,accelerate
14.9315,20.7950,accelerate
14.8932,20.5420,accelerate
14.8568,20.2886,accelerate
14.8189,20.0347,accelerate
14.7764,19.7806,accelerate
14.7291,19.5264,accelerate
14.6785,19.2722,accelerate
14.6252,19.0182,accelerate
14.5684,18.7648,accelerate
14.5080,18.5123,accelerate
14.4440,18.2611,accelerate
14.3772,18.0115,accelerate
14.3078,17.7636,accelerate
14.2356,17.5172,accelerate
14.1606,17.2727,accelerate
14.0830,17.0300,accelerate
14.0034,16.7890,accelerate
13.9223,16.5495,accelerate
13.8399,16.3114,accelerate
13.7565,16.0745,accelerate
13.6722,15.8387,accelerate
13.5869,15.6037,accelerate
13.5001,15.3696,accelerate
13.4108,15.1367,accelerate
13.3187,14.9050,accelerate
13.2244,14.6744,accelerate
13.1286,14.4444,accelerate
13.0314,14.2151,accelerate
12.9324,13.9864,accelerate
12.8310,13.7587,accelerate
12.7272,13.5317,accelerate
12.6221,13.3051,accelerate
12.5180,13.0777,accelerate
12.4170,12.8483,accelerate
12.3198,12.6162,accelerate
12.2232,12.3831,accelerate
12.1204,12.1529,accelerate
12.0044,11.9300,accelerate
11.8735,11.7159,accelerate
11.7327,11.5081,accelerate
11.5897,11.3019,accelerate
11.4492,11.0941,accelerate
11.3116,10.8842,accelerate
11.1754,10.6731,accelerate
11.0396,10.4614,accelerate
10.9040,10.2495,accelerate
10.7677,10.0379,accelerate
10.6300,9.8271,accelerate
10.4903,9.6176,accelerate
10.3491,9.4090,accelerate
10.2073,9.2005,accelerate
10.0656,8.9914,accelerate
9.9238,8.7819,accelerate
9.7804,8.5733,accelerate
9.6331,8.3678,accelerate
9.4791,8.1679,accelerate
9.3179,7.9745,accelerate
9.1529,7.7845,accelerate
8.9918,7.5909,accelerate
8.8413,7.3877,accelerate
8.7014,7.1742,accelerate
8.5659,6.9561,accelerate
8.4271,6.7405,accelerate
8.2807,6.5317,accelerate
8.1272,6.3295,accelerate
7.9696,6.1311,accelerate
7.8107,5.9335,accelerate
7.6517,5.7354,accelerate
7.4922,5.5370,accelerate
7.3316,5.3391,accelerate
7.1704,5.1413,accelerate
7.0102,4.9425,accelerate
6.8516,4.7420,accelerate
6.6930,4.5415,accelerate
6.5304,4.3448,accelerate
6.3602,4.1557,accelerate
6.1820,3.9744,accelerate
5.9994,3.7975,accelerate
5.8167,3.6206,accelerate
5.6364,3.4409,accelerate
5.4587,3.2582,accelerate
5.2818,3.0745,accelerate
5.1038,2.8921,accelerate
4.9228,2.7130,accelerate
4.7384,2.5379,accelerate
4.5512,2.3661,accelerate
4.3627,2.1957,accelerate
4.1751,2.0242,accelerate
3.9898,1.8495,accelerate
3.8071,1.6714,accelerate
3.6251,1.4920,accelerate
3.4415,1.3138,accelerate
3.2549,1.1386,accelerate
3.0654,0.9667,accelerate
2.8739,0.7974,accelerate
2.6814,0.6297,accelerate
2.4885,0.4629,accelerate
2.2955,0.2966,accelerate
2.1022,0.1306,accelerate
1.9083,-0.0351,accelerate
1.7138,-0.2008,accelerate
1.5193,-0.3668,accelerate
1.3254,-0.5338,accelerate
1.1320,-0.7016,accelerate
0.9376,-0.8680,accelerate
