# Gokartcentralen Göteborg (Bergslagsgatan 6), traced from the operator's published track poster (decision 0038):
# the middle of the drawn asphalt, clockwise from the start line toward T1, resampled every metre and scaled so the lap
# is exactly 400 m (published: 400 m long, 6 m wide). Made by tools/tracks/trace_poster.py from
# tools/tracks/gokartcentralen-goteborg.points.json.
x_m,y_m
0.000,-0.000
-0.817,-0.577
-1.643,-1.141
-2.476,-1.693
-3.316,-2.236
-4.162,-2.769
-5.013,-3.294
-5.869,-3.812
-6.727,-4.325
-7.588,-4.833
-8.451,-5.339
-9.314,-5.843
-10.178,-6.347
-11.041,-6.852
-11.903,-7.359
-12.763,-7.870
-13.620,-8.385
-14.476,-8.902
-15.337,-9.412
-16.206,-9.906
-17.088,-10.376
-17.989,-10.810
-18.911,-11.197
-19.856,-11.524
-20.823,-11.778
-21.808,-11.947
-22.805,-12.019
-23.803,-11.974
-24.785,-11.788
-25.721,-11.440
-26.582,-10.934
-27.355,-10.301
-28.033,-9.566
-28.608,-8.750
-29.074,-7.865
-29.415,-6.926
-29.611,-5.947
-29.642,-4.948
-29.516,-3.957
-29.257,-2.992
-28.893,-2.061
-28.448,-1.165
-27.947,-0.301
-27.407,0.541
-26.845,1.369
-26.275,2.190
-25.709,3.014
-25.161,3.851
-24.646,4.708
-24.185,5.595
-23.802,6.518
-23.529,7.479
-23.396,8.470
-23.409,9.469
-23.547,10.459
-23.787,11.429
-24.110,12.375
-24.501,13.296
-24.946,14.191
-25.435,15.063
-25.963,15.912
-26.522,16.741
-27.104,17.554
-27.694,18.362
-28.276,19.175
-28.831,20.007
-29.338,20.868
-29.775,21.768
-30.118,22.706
-30.355,23.677
-30.508,24.665
-30.598,25.661
-30.646,26.660
-30.668,27.660
-30.680,28.660
-30.687,29.660
-30.690,30.660
-30.691,31.660
-30.689,32.660
-30.686,33.660
-30.683,34.660
-30.681,35.660
-30.680,36.660
-30.682,37.660
-30.688,38.660
-30.699,39.660
-30.715,40.659
-30.737,41.659
-30.767,42.659
-30.804,43.658
-30.843,44.657
-30.880,45.657
-30.909,46.656
-30.925,47.656
-30.922,48.656
-30.895,49.656
-30.837,50.654
-30.743,51.649
-30.604,52.640
-30.415,53.621
-30.168,54.590
-29.857,55.541
-29.477,56.465
-29.024,57.356
-28.499,58.207
-27.906,59.012
-27.250,59.767
-26.533,60.463
-25.759,61.095
-24.929,61.653
-24.050,62.129
-23.126,62.510
-22.166,62.789
-21.184,62.974
-20.191,63.088
-19.193,63.150
-18.193,63.183
-17.193,63.203
-16.193,63.222
-15.194,63.238
-14.194,63.252
-13.194,63.265
-12.194,63.276
-11.194,63.285
-10.194,63.293
-9.194,63.299
-8.194,63.304
-7.194,63.309
-6.194,63.312
-5.194,63.314
-4.194,63.316
-3.194,63.318
-2.194,63.319
-1.194,63.320
-0.194,63.319
0.806,63.317
1.806,63.313
2.806,63.307
3.806,63.297
4.806,63.285
5.806,63.269
6.805,63.247
7.804,63.199
8.797,63.082
9.768,62.847
10.681,62.444
11.501,61.873
12.212,61.171
12.813,60.373
13.309,59.505
13.708,58.589
14.014,57.637
14.232,56.662
14.364,55.671
14.408,54.672
14.361,53.673
14.217,52.684
13.967,51.716
13.604,50.786
13.119,49.912
12.510,49.120
11.778,48.440
10.938,47.901
10.014,47.521
9.039,47.304
8.043,47.230
7.045,47.291
6.067,47.492
5.126,47.830
4.235,48.282
3.393,48.821
2.593,49.421
1.824,50.060
1.073,50.720
0.326,51.385
-0.431,52.039
-1.210,52.665
-2.026,53.244
-2.887,53.750
-3.793,54.172
-4.733,54.515
-5.695,54.787
-6.671,55.000
-7.658,55.166
-8.650,55.291
-9.646,55.377
-10.645,55.421
-11.645,55.420
-12.643,55.372
-13.639,55.274
-14.627,55.124
-15.606,54.921
-16.572,54.664
-17.522,54.351
-18.446,53.969
-19.328,53.500
-20.142,52.919
-20.848,52.214
-21.432,51.403
-21.893,50.517
-22.246,49.581
-22.507,48.616
-22.695,47.634
-22.825,46.643
-22.911,45.647
-22.965,44.648
-22.997,43.649
-23.017,42.649
-23.033,41.649
-23.049,40.649
-23.065,39.649
-23.081,38.649
-23.095,37.650
-23.108,36.650
-23.119,35.650
-23.128,34.650
-23.133,33.650
-23.135,32.650
-23.133,31.650
-23.128,30.650
-23.118,29.650
-23.103,28.650
-23.063,27.651
-22.966,26.656
-22.773,25.675
-22.435,24.735
-21.906,23.889
-21.180,23.206
-20.311,22.715
-19.352,22.442
-18.356,22.443
-17.399,22.725
-16.543,23.237
-15.814,23.919
-15.228,24.728
-14.796,25.628
-14.534,26.592
-14.449,27.587
-14.481,28.586
-14.559,29.583
-14.649,30.579
-14.748,31.574
-14.852,32.569
-14.957,33.563
-15.060,34.558
-15.157,35.553
-15.243,36.550
-15.316,37.547
-15.372,38.545
-15.409,39.545
-15.422,40.545
-15.394,41.544
-15.294,42.539
-15.086,43.516
-14.729,44.449
-14.198,45.294
-13.507,46.014
-12.685,46.582
-11.766,46.970
-10.786,47.162
-9.787,47.174
-8.798,47.035
-7.837,46.759
-6.928,46.346
-6.102,45.785
-5.391,45.084
-4.815,44.268
-4.373,43.372
-4.053,42.425
-3.834,41.450
-3.700,40.459
-3.633,39.461
-3.622,38.461
-3.654,37.462
-3.723,36.464
-3.819,35.469
-3.938,34.476
-4.073,33.485
-4.218,32.496
-4.367,31.507
-4.512,30.518
-4.647,29.527
-4.763,28.534
-4.856,27.538
-4.921,26.540
-4.957,25.541
-4.981,24.541
-5.027,23.542
-5.132,22.548
-5.342,21.571
-5.714,20.645
-6.258,19.807
-6.935,19.072
-7.701,18.430
-8.523,17.862
-9.379,17.346
-10.254,16.861
-11.137,16.391
-12.017,15.916
-12.884,15.418
-13.720,14.870
-14.490,14.234
-15.141,13.477
-15.609,12.595
-15.877,11.634
-15.976,10.640
-15.929,9.641
-15.747,8.659
-15.436,7.709
-14.991,6.815
-14.403,6.007
-13.671,5.329
-12.820,4.806
-11.887,4.451
-10.904,4.273
-9.905,4.267
-8.916,4.404
-7.948,4.654
-7.006,4.989
-6.088,5.386
-5.191,5.828
-4.311,6.302
-3.442,6.797
-2.585,7.312
-1.751,7.864
-0.958,8.472
-0.229,9.156
0.411,9.924
0.955,10.762
1.404,11.655
1.764,12.588
2.046,13.547
2.258,14.524
2.411,15.512
2.515,16.507
2.576,17.505
2.603,18.504
2.601,19.504
2.577,20.504
2.535,21.503
2.484,22.502
2.432,23.500
2.389,24.500
2.365,25.499
2.371,26.499
2.415,27.498
2.508,28.494
2.659,29.482
2.875,30.458
3.163,31.416
3.544,32.339
4.048,33.202
4.702,33.956
5.509,34.543
6.421,34.949
7.392,35.182
8.389,35.253
9.383,35.163
10.350,34.910
11.254,34.486
12.061,33.898
12.753,33.178
13.322,32.357
13.761,31.459
14.068,30.509
14.257,29.527
14.351,28.532
14.375,27.532
14.353,26.532
14.305,25.534
14.251,24.535
14.207,23.536
14.191,22.536
14.201,21.536
14.215,20.536
14.212,19.536
14.169,18.537
14.059,17.544
13.869,16.562
13.605,15.598
13.271,14.656
12.875,13.738
12.423,12.845
11.924,11.979
11.384,11.138
10.808,10.320
10.202,9.525
9.571,8.749
8.918,7.992
8.248,7.249
7.563,6.521
6.864,5.806
6.150,5.106
5.423,4.419
4.683,3.746
3.931,3.088
3.167,2.443
2.391,1.811
1.604,1.194
0.807,0.590
